IMG_NO,"이미지 (전, 좌, 후, 우)",Unnamed: 2,Unnamed: 3,Unnamed: 4,공식 제품 명,장난감 종류,소재
0,img_0000_front,img_0000_left,img_0000_rear,img_0000_right,디즈니 픽사 토이스토리 피규어 우디 불스아이,피규어,"plastic, fabric"
1,img_0001_front,img_0001_left,img_0001_rear,img_0001_right,토이스토리 4 피규어 말하는 버즈라이트이어 인형 굿즈,건전지 장난감 (사운드북 포함),plastic
2,img_0002_front,img_0002_left,img_0002_rear,img_0002_right,디즈니 픽사 토이스토리 피규어 우디 불스아이,피규어,plastic
3,img_0003_front,img_0003_left,img_0003_rear,img_0003_right,미니특공대 슈퍼공룡파워 티라노 썬더 로봇,변신 로봇,plastic
4,img_0004_front,img_0004_left,img_0004_rear,img_0004_right,파워레인저 엔진포스 캐리건킹,자동차 장난감,plastic
5,img_0005_front,img_0005_left,img_0005_rear,img_0005_right,꿍곰돌이 카메라,비건전지 장난감 (,plastic
6,img_0006_front,img_0006_left,img_0006_rear,img_0006_right,아기와 놀아주는 꼬꼬맘,건전지 장난감 (사운드북 포함),plastic
7,img_0007_front,img_0007_left,img_0007_rear,img_0007_right,아동 뽀로로 동요 라이트 프릭션 레미콘 장난감,자동차 장난감,plastic
8,img_0008_front,img_0008_left,img_0008_rear,img_0008_right,플레이맥스 작동하는 주방놀이 토스터기,비건전지 장난감 (,plastic
9,img_0009_front,img_0009_left,img_0009_rear,img_0009_right,튤립_사운드북,건전지 장난감 (사운드북 포함),plastic
10,img_0010_front,img_0010_left,img_0010_rear,img_0010_right,엄마표걸음마 끌기 장난감 ?,비건전지 장난감 (,plastic
11,img_0011_front,img_0011_left,img_0011_rear,img_0011_right,쥬라기월드 공룡완구,피규어,plastic
12,img_0012_front,img_0012_left,img_0012_rear,img_0012_right,원목 롤러코스터 자동차 외 교구 세트,나무 장난감,wood
13,img_0013_front,img_0013_left,img_0013_rear,img_0013_right,에디슨 큐브퍼즐/색상큐브-민자형,비건전지 장난감 (,plastic
14,img_0014_front,img_0014_left,img_0014_rear,img_0014_right,뽀롱뽀롱 뽀로로 꼬마 도서관,건전지 장난감 (사운드북 포함),plastic
15,img_0015_front,img_0015_left,img_0015_rear,img_0015_right,브이텍 뛰뛰빵빵 드라이버 기차놀이,건전지 장난감 (사운드북 포함),plastic
16,img_0016_front,img_0016_left,img_0016_rear,img_0016_right,노래하는스피닝휠,건전지 장난감 (사운드북 포함),plastic
17,img_0017_front,img_0017_left,img_0017_rear,img_0017_right,목 책상 나무 펜 홀더 코끼리,나무 장난감,wood
18,img_0018_front,img_0018_left,img_0018_rear,img_0018_right,토도리브로 씽씽카 set,나무 장난감,wood
19,img_0019_front,img_0019_left,img_0019_rear,img_0019_right,rc군용탱크 무선탱크장난감,자동차 장난감,plastic
20,img_0020_front,img_0020_left,img_0020_rear,img_0020_right,코끼리 여행 마차,인형,"wood, fabric"
21,img_0021_front,img_0021_left,img_0021_rear,img_0021_right,다이노밀 보드게임,피규어,"plastic, silicone"
22,img_0022_front,img_0022_left,img_0022_rear,img_0022_right,압소바 막대딸랑이,인형,fabric
23,img_0023_front,img_0023_left,img_0023_rear,img_0023_right,뽀로로 무선 앰블런스,자동차 장난감,plastic
24,img_0024_front,img_0024_left,img_0024_rear,img_0024_right,멜로디언,건전지 장난감 (사운드북 포함),plastic
25,img_0025_front,img_0025_left,img_0025_rear,img_0025_right,몬테소리 디지털 곱하기 테이블 푸시 버블 교육 수학 장난감 산술 보조 어린이 학습,비건전지 장난감 (,silicone
26,img_0026_front,img_0026_left,img_0026_rear,img_0026_right,하베브릭스 블루투스 피아노드럼 악기놀이완구,건전지 장난감 (사운드북 포함),plastic
27,img_0027_front,img_0027_left,img_0027_rear,img_0027_right,미미월드 꼬마버스 타요 중앙차고지놀이,건전지 장난감 (사운드북 포함),plastic
28,img_0028_front,img_0028_left,img_0028_rear,img_0028_right,코스트코 모래놀이 세트,플라스틱으로만 된 장난감부품 (큰것),plastic
29,img_0029_front,img_0029_left,img_0029_rear,img_0029_right,뽀로로 팡팡 뮤직홈 영유아 아기 소근육발달 악기세트 장난감,건전지 장난감 (사운드북 포함),plastic
30,img_0030_front,img_0030_left,img_0030_rear,img_0030_right,출동112 경찰차,자동차 장난감,plastic
31,img_0031_front,img_0031_left,img_0031_rear,img_0031_right,멜로디완구 브이텍 스스로굴러가는깜짝볼 브라이트,건전지 장난감 (사운드북 포함),plastic
32,img_0032_front,img_0032_left,img_0032_rear,img_0032_right,하이카 모션작동 소방차,자동차 장난감,plastic
33,img_0033_front,img_0033_left,img_0033_rear,img_0033_right,유니아트 시장바구니,비건전지 장난감 (,silicone
34,img_0034_front,img_0034_left,img_0034_rear,img_0034_right,밧핫 해피악어피아노,건전지 장난감 (사운드북 포함),plastic
35,img_0035_front,img_0035_left,img_0035_rear,img_0035_right,소방차 자동 변신 로봇 소리나는 구조트럭 사다리 장난감 자동차,자동차 장난감,plastic
36,img_0036_front,img_0036_left,img_0036_rear,img_0036_right,체퍼즐 롤러코스터 비즈코스터 블록 장난감,기타,plastic
37,img_0037_front,img_0037_left,img_0037_rear,img_0037_right,토이세븐 보이스 rc카 터보엑스,자동차 장난감,plastic
38,img_0038_front,img_0038_left,img_0038_rear,img_0038_right,바니랜드 출동 구조대 세트,자동차 장난감,plastic
39,img_0039_front,img_0039_left,img_0039_rear,img_0039_right,거미로봇만들기,건전지 장난감 (사운드북 포함),plastic
40,img_0040_front,img_0040_left,img_0040_rear,img_0040_right,디럭스 모래놀이 세트,플라스틱으로만 된 장난감부품 (큰것),plastic
41,img_0041_front,img_0041_left,img_0041_rear,img_0041_right,뽀로로 레스큐 미니카 5종세트 메탈 미니카,플라스틱으로만 된 장난감부품 (큰것),plastic
42,img_0042_front,img_0042_left,img_0042_rear,img_0042_right,경찰차 장난감 스포츠카 유아 RC카 7세 남자아이 선물 조카선물 조종,자동차 장난감,plastic
43,img_0043_front,img_0043_left,img_0043_rear,img_0043_right,바쿠간 크로서스 드래고,변신 로봇,plastic
44,img_0044_front,img_0044_left,img_0044_rear,img_0044_right,피셔 프라이스 부드러운 포옹 코끼리 ,건전지 장난감 (사운드북 포함),plastic
45,img_0045_front,img_0045_left,img_0045_rear,img_0045_right,라이트 리모콘 공룡 R/C카 티라노사우르스,피규어,plastic
46,img_0046_front,img_0046_left,img_0046_rear,img_0046_right,미카-Kami 메탈 1:32 사이렌 레스큐3종세트트,자동차 장난감,plastic
47,img_0047_front,img_0047_left,img_0047_rear,img_0047_right,헬로카봇 컨버스터,자동차 장난감,plastic
48,img_0048_front,img_0048_left,img_0048_rear,img_0048_right,펀코 헬로우 키티 시리즈 1,피규어,"plastic, silicone"
49,img_0049_front,img_0049_left,img_0049_rear,img_0049_right,게임 어드벤처 타임 제이크 비모 장난감 비닐 피규어,건전지 장난감 (사운드북 포함),plastic
50,img_0050_front,img_0050_left,img_0050_rear,img_0050_right,꼬마 버스 타요 라니 어린이 장난감,자동차 장난감,plastic
51,img_0051_front,img_0051_left,img_0051_rear,img_0051_right,아이언맨 변신 자동차,자동차 장난감,plastic
52,img_0052_front,img_0052_left,img_0052_rear,img_0052_right,헬로카봇 RC 오토소닉 장난감,변신 로봇,plastic
53,img_0053_front,img_0053_left,img_0053_rear,img_0053_right,RC카,자동차 장난감,plastic
54,img_0054_front,img_0054_left,img_0054_rear,img_0054_right,빛과 사운드 다양한 소리가 나는 폴리스카,자동차 장난감,plastic
55,img_0055_front,img_0055_left,img_0055_rear,img_0055_right,세계유통 사운드 소방차 시리즈,자동차 장난감,plastic
56,img_0056_front,img_0056_left,img_0056_rear,img_0056_right,파인애플 캐릭터 슬러시 병 슬러쉬 보틀 용기 빨대 토네이도 글라스 컵 전통시장,기타,plastic
57,img_0057_front,img_0057_left,img_0057_rear,img_0057_right,레고 헐크,피규어,plastic
58,img_0058_front,img_0058_left,img_0058_rear,img_0058_right,두두스토리,건전지 장난감 (사운드북 포함),plastic
59,img_0059_front,img_0059_left,img_0059_rear,img_0059_right,추억의 장난감 물게임기 ,비건전지 장난감 (,plastic
60,img_0060_front,img_0060_left,img_0060_rear,img_0060_right,러닝 피아노,건전지 장난감 (사운드북 포함),plastic
61,img_0061_front,img_0061_left,img_0061_rear,img_0061_right,브레드이발소 자동터치금고 놀이,건전지 장난감 (사운드북 포함),plastic
62,img_0062_front,img_0062_left,img_0062_rear,img_0062_right,선따라가는 타요 버스,자동차 장난감,plastic
63,img_0063_front,img_0063_left,img_0063_rear,img_0063_right,미국 아마존 정품 Vokodo 경찰 트럭 구조 자동차 ,자동차 장난감,plastic
64,img_0064_front,img_0064_left,img_0064_rear,img_0064_right,플레이 오락실 게임기,건전지 장난감 (사운드북 포함),plastic
65,img_0065_front,img_0065_left,img_0065_rear,img_0065_right,마르카 토마스 토마스 토마스 & 퍼시 기관고 ~ ~ 돈 장난감 기차 3 세 이상 194484,비건전지 장난감 (,plastic
66,img_0066_front,img_0066_left,img_0066_rear,img_0066_right,태엽 전자제품 미니어처,비건전지 장난감 (,plastic
67,img_0067_front,img_0067_left,img_0067_rear,img_0067_right,푸쉬 팡팡/불빛 사운드 푸시팝 스피드 집중력 순발력 향상 휴대용 게임기,건전지 장난감 (사운드북 포함),plastic
68,img_0068_front,img_0068_left,img_0068_rear,img_0068_right,퍼플 스피드 스택 스태커 컵과 퀵 릴리즈 스템 클립,비건전지 장난감 (,plastic
69,img_0069_front,img_0069_left,img_0069_rear,img_0069_right,핑크퐁 장난감,건전지 장난감 (사운드북 포함),plastic
70,img_0070_front,img_0070_left,img_0070_rear,img_0070_right,"시크릿 쥬쥬 마이크 버블/캐릭터 야외놀이 스틱 비눗방울, 민트, 1개",비건전지 장난감 (,plastic
71,img_0071_front,img_0071_left,img_0071_rear,img_0071_right,강아지 장난감,피규어,plastic
72,img_0072_front,img_0072_left,img_0072_rear,img_0072_right,코스트코 플레이고 주방놀이 3종세트 핑크 블루,비건전지 장난감 (,plastic
73,img_0073_front,img_0073_left,img_0073_rear,img_0073_right,케이크 장난감,피규어,plastic
74,img_0074_front,img_0074_left,img_0074_rear,img_0074_right,팥빙수 장난감,피규어,plastic
75,img_0075_front,img_0075_left,img_0075_rear,img_0075_right,플레이 버블스틱,비건전지 장난감 (,plastic
76,img_0076_front,img_0076_left,img_0076_rear,img_0076_right,로보카폴리 출동본부,비건전지 장난감 (,plastic
77,img_0077_front,img_0077_left,img_0077_rear,img_0077_right,즐거운 뽀로로하우스 뽀로로집 역할놀이 장난감,비건전지 장난감 (,plastic
78,img_0078_front,img_0078_left,img_0078_rear,img_0078_right,아기와 놀아주는 꼬꼬맘,건전지 장난감 (사운드북 포함),plastic
79,img_0079_front,img_0079_left,img_0079_rear,img_0079_right,영유아완구 회전 오뚝이 삐에로,비건전지 장난감 (,plastic
80,img_0080_front,img_0080_left,img_0080_rear,img_0080_right,아기 오리 뮤직 오뚝이,건전지 장난감 (사운드북 포함),plastic
81,img_0081_front,img_0081_left,img_0081_rear,img_0081_right,스피드 게임왕,건전지 장난감 (사운드북 포함),plastic
82,img_0082_front,img_0082_left,img_0082_rear,img_0082_right,터닝메카드 주니어 슈마,변신 로봇,plastic
83,img_0083_front,img_0083_left,img_0083_rear,img_0083_right,Rattle Cubie,비건전지 장난감 (,plastic
84,img_0084_front,img_0084_left,img_0084_rear,img_0084_right,쥬라기캅스 - 6단합체 쥬라킹(쥬라킹 윙카이저) - 쥬테고,피규어,plastic
85,img_0085_front,img_0085_left,img_0085_rear,img_0085_right,터닝메카드 HG타나토스 퍼플 ,자동차 장난감,plastic
86,img_0086_front,img_0086_left,img_0086_rear,img_0086_right,리틀타익스 호랑이실로폰,비건전지 장난감 (,plastic
87,img_0087_front,img_0087_left,img_0087_rear,img_0087_right,뽀로로 범퍼카,건전지 장난감 (사운드북 포함),plastic
88,img_0088_front,img_0088_left,img_0088_rear,img_0088_right,코코몽 경비행기,비건전지 장난감 (,plastic
89,img_0089_front,img_0089_left,img_0089_rear,img_0089_right,포켓몬 핀볼 게임,비건전지 장난감 (,plastic
90,img_0090_front,img_0090_left,img_0090_rear,img_0090_right,다이노코어 미니 울트라 디버스터,피규어,plastic
91,img_0091_front,img_0091_left,img_0091_rear,img_0091_right,다이노코어 울트라 디버스터 티라노 샤벨 디세이버 케라토 공룡5단합체,피규어,plastic
92,img_0092_front,img_0092_left,img_0092_rear,img_0092_right,코코몽 소방,자동차 장난감,plastic
93,img_0093_front,img_0093_left,img_0093_rear,img_0093_right,RC카(정식 명칭 아님),자동차 장난감,plastic
94,img_0094_front,img_0094_left,img_0094_rear,img_0094_right,소방차 장난감(정식 명칭 아님),자동차 장난감,plastic
95,img_0095_front,img_0095_left,img_0095_rear,img_0095_right,티라노 사우루스,피규어,plastic
96,img_0096_front,img_0096_left,img_0096_rear,img_0096_right,뽀로로 기타,비건전지 장난감 (,plastic
97,img_0097_front,img_0097_left,img_0097_rear,img_0097_right,또봇 R,자동차 장난감,plastic
98,img_0098_front,img_0098_left,img_0098_rear,img_0098_right,디포매이션 컴뱃 탱크,자동차 장난감,plastic
99,img_0099_front,img_0099_left,img_0099_rear,img_0099_right,아기호랑이 두더지 잡기,건전지 장난감 (사운드북 포함),plastic
100,img_0100_front,img_0100_left,img_0100_rear,img_0100_right,미니 손가락 배틀 게임,비건전지 장난감 (,plastic
101,img_0101_front,img_0101_left,img_0101_rear,img_0101_right,뽀로로 119 소방차,자동차 장난감,plastic
102,img_0102_front,img_0102_left,img_0102_rear,img_0102_right,고고다이노 공룡탐험대 사운드 핑 변신로봇,변신 로봇,plastic
103,img_0103_front,img_0103_left,img_0103_rear,img_0103_right,"고고다이노 변신 로봇, 헬리",변신 로봇,plastic
104,img_0104_front,img_0104_left,img_0104_rear,img_0104_right,고고다이노 공룡탐험대 사운드 비키 변신로봇,변신 로봇,plastic
105,img_0105_front,img_0105_left,img_0105_rear,img_0105_right,뽀로로 말하는 마트 계산대 놀이,건전지 장난감 (사운드북 포함),plastic
106,img_0106_front,img_0106_left,img_0106_rear,img_0106_right,브이텍 강아지도형끼우기차,건전지 장난감 (사운드북 포함),plastic
107,img_0107_front,img_0107_left,img_0107_rear,img_0107_right,핑크퐁 동요패드 리뉴얼,건전지 장난감 (사운드북 포함),plastic
108,img_0108_front,img_0108_left,img_0108_rear,img_0108_right,하베브릭스 6 in 1 변신큐브,건전지 장난감 (사운드북 포함),plastic
109,img_0109_front,img_0109_left,img_0109_rear,img_0109_right,스마트 러닝 액티비티 에듀볼,건전지 장난감 (사운드북 포함),plastic
110,img_0110_front,img_0110_left,img_0110_rear,img_0110_right,타이탄V5 크레인트럭,자동차 장난감,plastic
111,img_0111_front,img_0111_left,img_0111_rear,img_0111_right,해피아이 두더지 게임 두더지 잡기 보드게임 세트,비건전지 장난감 (,plastic
112,img_0112_front,img_0112_left,img_0112_rear,img_0112_right,토이트론 달님이 말하고 달리는 구급차 병원놀이,자동차 장난감,plastic
113,img_0113_front,img_0113_left,img_0113_rear,img_0113_right,다솜디자인 악어룰렛게임,비건전지 장난감 (,plastic
114,img_0114_front,img_0114_left,img_0114_rear,img_0114_right,하베브릭스 아기토끼 핸드폰 장난감 멜로디완구,건전지 장난감 (사운드북 포함),plastic
115,img_0115_front,img_0115_left,img_0115_rear,img_0115_right,"뮤지컬 전화 ""헬로헬로!텔레폰"" 멜로디, 사운드 효과 색상 MIX",건전지 장난감 (사운드북 포함),plastic
116,img_0116_front,img_0116_left,img_0116_rear,img_0116_right,CAT 롤링머신 덤프트럭 장난감,자동차 장난감,plastic
117,img_0117_front,img_0117_left,img_0117_rear,img_0117_right,헬로카봇 로드세이버,자동차 장난감,plastic
118,img_0118_front,img_0118_left,img_0118_rear,img_0118_right,뽀로로 RC 레이싱카,자동차 장난감,plastic
119,img_0119_front,img_0119_left,img_0119_rear,img_0119_right,바니_뽀로로스쿠터,자동차 장난감,plastic
120,img_0120_front,img_0120_left,img_0120_rear,img_0120_right,키움 사운드 패밀리 폰,건전지 장난감 (사운드북 포함),plastic
121,img_0121_front,img_0121_left,img_0121_rear,img_0121_right,콩순이 알록달록 카페놀이세트,건전지 장난감 (사운드북 포함),plastic
122,img_0122_front,img_0122_left,img_0122_rear,img_0122_right,또봇 4단합체 쿼트란,변신 로봇,plastic
123,img_0123_front,img_0123_left,img_0123_rear,img_0123_right,뽀로로 덤프트럭,자동차 장난감,plastic
124,img_0124_front,img_0124_left,img_0124_rear,img_0124_right,헬로카봇 K-캅스,변신 로봇,plastic
125,img_0125_front,img_0125_left,img_0125_rear,img_0125_right,와일드스피릿 파워레인저,변신 로봇,plastic
126,img_0126_front,img_0126_left,img_0126_rear,img_0126_right,반다이 파워레인저 와일드스피릿 DX와일드비스트,변신 로봇,plastic
127,img_0127_front,img_0127_left,img_0127_rear,img_0127_right,다이노코어 얼티밋 디버스터 티라노 7in1 변신로봇,변신 로봇,plastic
128,img_0128_front,img_0128_left,img_0128_rear,img_0128_right,헬로 카봇 로드 세이버,변신 로봇,plastic
129,img_0129_front,img_0129_left,img_0129_rear,img_0129_right,헬로카봇 슈퍼패트론,변신 로봇,plastic
130,img_0130_front,img_0130_left,img_0130_rear,img_0130_right,헬로카봇 킹가이더,변신 로봇,plastic
131,img_0131_front,img_0131_left,img_0131_rear,img_0131_right,다이노코어 하이퍼디세이버 케라토,변신 로봇,plastic
132,img_0132_front,img_0132_left,img_0132_rear,img_0132_right,뽀로로 노래하고 말하는 전화,건전지 장난감 (사운드북 포함),plastic
133,img_0133_front,img_0133_left,img_0133_rear,img_0133_right,뽀로로 어린이버스,자동차 장난감,plastic
134,img_0134_front,img_0134_left,img_0134_rear,img_0134_right,시티 앰뷸런스,자동차 장난감,plastic
135,img_0135_front,img_0135_left,img_0135_rear,img_0135_right,소리놀이 버스,건전지 장난감 (사운드북 포함),plastic
136,img_0136_front,img_0136_left,img_0136_rear,img_0136_right,애벌레 끈장난감 ,비건전지 장난감 (,plastic
137,img_0137_front,img_0137_left,img_0137_rear,img_0137_right,다르담 어미새와 애벌레,비건전지 장난감 (,plastic
138,img_0138_front,img_0138_left,img_0138_rear,img_0138_right,피아노 장난감,건전지 장난감 (사운드북 포함),plastic
139,img_0139_front,img_0139_left,img_0139_rear,img_0139_right,시크릿쥬쥬 시크릿 에메랄드기타,건전지 장난감 (사운드북 포함),plastic
140,img_0140_front,img_0140_left,img_0140_rear,img_0140_right,빅사운드 고가사다리 현장사운드 중장비차,자동차 장난감,plastic
141,img_0141_front,img_0141_left,img_0141_rear,img_0141_right,모드에디 오감팡팡 튤립 라디오 사운드북,건전지 장난감 (사운드북 포함),plastic
142,img_0142_front,img_0142_left,img_0142_rear,img_0142_right,튤립 사운드북,건전지 장난감 (사운드북 포함),plastic
143,img_0143_front,img_0143_left,img_0143_rear,img_0143_right,ABS 미니 포스 3 모드 슈퍼 다이노 파워,변신 로봇,plastic
144,img_0144_front,img_0144_left,img_0144_rear,img_0144_right,립프로그 가드닝 카트,건전지 장난감 (사운드북 포함),plastic
145,img_0145_front,img_0145_left,img_0145_rear,img_0145_right,뽀로로 오르골자동차,자동차 장난감,plastic
146,img_0146_front,img_0146_left,img_0146_rear,img_0146_right,브이텍 타이니 터치 리모콘,건전지 장난감 (사운드북 포함),plastic
147,img_0147_front,img_0147_left,img_0147_rear,img_0147_right,노래하는 핑크퐁 피아노 버스,자동차 장난감,plastic
148,img_0148_front,img_0148_left,img_0148_rear,img_0148_right,쥬라기월드 뉴 인도미누스 렉스,피규어,plastic
149,img_0149_front,img_0149_left,img_0149_rear,img_0149_right,달님이 얼음이 나오는 냉장고 놀이,건전지 장난감 (사운드북 포함),plastic
150,img_0150_front,img_0150_left,img_0150_rear,img_0150_right,콩순이 팝콘가게,건전지 장난감 (사운드북 포함),plastic
151,img_0151_front,img_0151_left,img_0151_rear,img_0151_right,"헬로카봇 유니크루저 로봇장난감, 구조 거인",변신 로봇,plastic
152,img_0152_front,img_0152_left,img_0152_rear,img_0152_right,또봇V 그랜드 챔피언,변신 로봇,plastic
153,img_0153_front,img_0153_left,img_0153_rear,img_0153_right,헬로카봇 킹가이즈,변신 로봇,plastic
154,img_0154_front,img_0154_left,img_0154_rear,img_0154_right,친구들과 부릉부릉 콩순이 스쿨버스,자동차 장난감,plastic
155,img_0155_front,img_0155_left,img_0155_rear,img_0155_right,시크릿쥬쥬 공주 요술봉 장갑 세트,건전지 장난감 (사운드북 포함),plastic
156,img_0156_front,img_0156_left,img_0156_rear,img_0156_right,플레이송스 사운드토이 - 아보코 악기놀이,건전지 장난감 (사운드북 포함),plastic
157,img_0157_front,img_0157_left,img_0157_rear,img_0157_right,어린이용 미러볼마이크,건전지 장난감 (사운드북 포함),plastic
158,img_0158_front,img_0158_left,img_0158_rear,img_0158_right,말하는 서울 시내 버스 모형 B 완성품,자동차 장난감,plastic
159,img_0159_front,img_0159_left,img_0159_rear,img_0159_right,시크릿 쥬쥬 셀카폰,건전지 장난감 (사운드북 포함),plastic
160,img_0160_front,img_0160_left,img_0160_rear,img_0160_right,코니스 뽀로로 점보 비행기,자동차 장난감,plastic
161,img_0161_front,img_0161_left,img_0161_rear,img_0161_right,뽀로로 힘센 덤프트럭,자동차 장난감,plastic
162,img_0162_front,img_0162_left,img_0162_rear,img_0162_right,뽀로로 씽씽 포터 트럭,자동차 장난감,plastic
163,img_0163_front,img_0163_left,img_0163_rear,img_0163_right,CAT dump truck toy,자동차 장난감,plastic
164,img_0164_front,img_0164_left,img_0164_rear,img_0164_right,립프로그 알파벳퍼피,건전지 장난감 (사운드북 포함),plastic
165,img_0165_front,img_0165_left,img_0165_rear,img_0165_right,타요 메트로 지하철,자동차 장난감,plastic
166,img_0166_front,img_0166_left,img_0166_rear,img_0166_right,콩순이 알록달록 아이스크림 가게,건전지 장난감 (사운드북 포함),plastic
167,img_0167_front,img_0167_left,img_0167_rear,img_0167_right,뽀로로 똑딱 시계놀이,건전지 장난감 (사운드북 포함),plastic
168,img_0168_front,img_0168_left,img_0168_rear,img_0168_right,뽀로로 캐리어카,자동차 장난감,plastic
169,img_0169_front,img_0169_left,img_0169_rear,img_0169_right,뽀로로 에듀 사운드 망치놀이,건전지 장난감 (사운드북 포함),plastic
170,img_0170_front,img_0170_left,img_0170_rear,img_0170_right,타요걸음마버스,자동차 장난감,plastic
171,img_0171_front,img_0171_left,img_0171_rear,img_0171_right,즐거운뽀로로하우스,피규어,plastic
